frame,time_s,knee,hip,elbow,pred,ground_truth
0,0.0,65.11428508279431,89.1241677535863,127.96366492877661,sitting,sitting
1,0.03338361428312489,66.99866488894133,93.15304804447072,129.81993332350928,sitting,sitting
2,0.06676722856624978,68.93911181399858,96.3384937873743,131.24616770220007,sitting,sitting
3,0.10015084284937466,70.80001933654617,98.71876551961489,132.27905932812394,sitting,sitting
4,0.13353445713249956,72.46062729533577,100.3647790012073,132.96921631889137,sitting,sitting
5,0.16691807141562445,73.81352663603718,101.37471530319803,133.37720680532794,sitting,sitting
6,0.20030168569874932,74.89158828273855,102.03442022054912,133.50668077392305,sitting,sitting
7,0.2336852999818742,75.22002005541917,102.2554916535681,133.6856659072954,sitting,sitting
8,0.2670689142649991,74.72758246903929,101.87330577077012,133.73992585297313,sitting,sitting
9,0.300452528548124,73.80055458658128,101.39281257756735,133.58961771048922,sitting,sitting
10,0.3338361428312489,73.00721295871509,100.80137265027332,133.34234508609853,sitting,sitting
11,0.36721975711437377,71.97184989783456,100.14619576560902,133.00681608601397,sitting,sitting
12,0.40060337139749863,71.5651689718552,99.92512454037765,132.65154551889736,sitting,sitting
13,0.43398698568062355,71.32932091104655,99.71213146564784,132.27319263463536,sitting,sitting
14,0.4673705999637484,70.92704456677959,99.62603644130908,132.0277160114817,sitting,sitting
15,0.5007542142468733,70.88695114125335,99.94748695904627,131.95573091952383,sitting,sitting
16,0.5341378285299982,71.10777081178261,100.39279155084327,131.88501034264794,sitting,sitting
17,0.5675214428131231,71.66218046385194,101.20601454731212,131.7812100744223,sitting,sitting
18,0.600905057096248,71.72818780489712,101.94744191563626,131.70562722069715,sitting,sitting
19,0.6342886713793728,71.53503386865839,103.21919247422788,131.6020609992903,sitting,sitting
20,0.6676722856624978,71.37760642359409,104.32915079390713,131.56018393178536,sitting,sitting
21,0.7010558999456227,71.3648187047066,105.71426684469046,131.66255293462757,sitting,sitting
22,0.7344395142287475,71.95073566540609,107.0959940975786,131.68487009212822,sitting,sitting
23,0.7678231285118724,72.5146086244234,108.01239293794774,131.6179577966164,sitting,sitting
24,0.8012067427949973,73.10228460946553,108.84804828689428,131.51102425309648,sitting,sitting
25,0.8345903570781222,73.80619551303977,108.93021516670419,131.3193392147848,sitting,sitting
26,0.8679739713612471,74.93697156090252,108.92589895141735,130.8234785642915,sitting,sitting
27,0.901357585644372,76.41560984087724,109.271818439471,130.12944923568932,sitting,sitting
28,0.9347411999274968,77.01746279434855,109.41709472822632,129.3570933370362,sitting,sitting
29,0.9681248142106218,76.94603802265037,109.54634715442148,128.45780940966807,sitting,sitting
30,1.0015084284937465,76.89630590995054,110.07117479441175,127.51672344769932,sitting,sitting
31,1.0348920427768715,76.92942333955547,111.19431918940907,126.32766069460425,sitting,sitting
32,1.0682756570599965,76.52427811726768,111.754813050998,124.82808565811672,sitting,sitting
33,1.1016592713431212,75.66425886005632,111.5571100420008,123.02815653980988,sitting,sitting
34,1.1350428856262462,75.24472790285418,110.55895682966184,120.52222182210235,sitting,sitting
35,1.168426499909371,75.27068800505373,108.60136613094939,118.11213216549208,sitting,sitting
36,1.201810114192496,75.21667479286722,105.14549975387932,114.76044689337999,sitting,sitting
37,1.235193728475621,75.31868982871603,100.57688602845337,112.47171306162448,sitting,sitting
38,1.2685773427587457,74.84016161318401,95.04735083810169,110.95637588466445,sitting,sitting
39,1.3019609570418706,74.45210777685861,89.85862982275128,108.77424238189263,sitting,sitting
40,1.3353445713249956,74.96399973708716,85.92418756828522,106.04975505799538,sitting,sitting
41,1.3687281856081204,74.99154956380082,82.8324161028967,104.80402674989111,sitting,sitting
42,1.4021117998912453,73.99383613456335,79.65965574052194,103.55798172601268,sitting,sitting
43,1.43549541417437,73.22857569921587,77.66004069571113,101.99414736849481,sitting,sitting
44,1.468879028457495,72.824963234542,76.73995834962986,99.73200608845099,sitting,sitting
45,1.50226264274062,73.37003985544624,76.99662773602864,98.5709091757111,sitting,sitting
46,1.5356462570237448,73.72536495388759,77.15158114252262,97.8989325471726,sitting,sitting
47,1.5690298713068698,73.93603227281838,77.86083764002574,99.73915864074945,sitting,sitting
48,1.6024134855899945,74.88297435763235,79.03060532678748,102.4228220299749,sitting,sitting
49,1.6357970998731195,77.61507877502592,81.28686581140173,105.06123941693133,sitting,sitting
50,1.6691807141562445,81.34593426287618,84.6102777009801,109.12423116296978,sitting,sitting
51,1.7025643284393692,85.09715160437742,88.96807236884469,116.21762171860614,sitting,sitting
52,1.7359479427224942,89.49445177592327,94.25965321576385,124.23828998823984,sitting,sitting
53,1.7693315570056192,94.68492110769412,100.98407110098344,131.52479172600044,sitting,sitting
54,1.802715171288744,100.93975304290197,108.7895480214785,138.1111599134805,sitting,sitting
55,1.836098785571869,109.84742185489,117.30432525921236,144.05854806175742,sitting,sitting
56,1.8694823998549936,118.22698708368542,125.31952260155646,149.1990832232081,sitting,sitting
57,1.9028660141381186,126.84051110473945,133.23990426812355,153.32808936126108,sitting,sitting
58,1.9362496284212436,136.11208164247097,140.81000143757805,157.0216793928879,standing,standing
59,1.9696332427043683,145.27871644522418,147.87275335184276,160.01729427585627,standing,standing
60,2.003016856987493,152.2086954426615,153.51025734401452,162.00935836142457,standing,standing
61,2.036400471270618,158.69300172023299,158.53920569794514,163.3056453296997,standing,standing
62,2.069784085553743,163.7008888680034,162.77440216462668,164.14784595279846,standing,standing
63,2.103167699836868,166.66677311564078,166.05799239331643,164.55424881751446,standing,standing
64,2.136551314119993,168.6783495790194,169.07627679228278,164.6478215762338,standing,standing
65,2.1699349284031175,170.25889699176295,171.5708680780604,164.95578125373294,standing,standing
66,2.2033185426862425,170.76892103926565,173.90693424658716,165.2336078865281,standing,standing
67,2.2367021569693675,171.5619405626526,175.75409728831863,165.43713030034573,standing,standing
68,2.2700857712524924,172.2830289648861,177.16581003609753,165.74441132707722,standing,standing
69,2.3034693855356174,172.9070288350216,176.66047271887166,166.2855785999826,standing,standing
70,2.336852999818742,172.83267350695849,176.31817682310293,166.693857100814,standing,standing
71,2.370236614101867,173.1854808422865,176.05976939416252,166.98176473169016,standing,standing
72,2.403620228384992,173.32396535325637,176.355546188583,167.01916426995035,standing,standing
73,2.437003842668117,173.54220869734593,176.9782443385016,166.78902367632938,standing,standing
74,2.470387456951242,173.5784007010231,177.65610870964332,166.32189880457855,standing,standing
75,2.503771071234367,174.18639511090618,177.47234173061884,165.84629653791325,standing,standing
76,2.5371546855174913,174.2510917915132,176.5750012362831,164.95820885902387,standing,standing
77,2.5705382998006163,174.65178413986723,175.7185906067022,163.64176774521746,standing,standing
78,2.6039219140837413,175.02900666915,174.83770178266377,162.34802654218237,standing,standing
79,2.6373055283668663,174.9235752790534,174.08897811578225,161.18819101547692,standing,standing
80,2.6706891426499912,174.19420534541837,173.4094119939797,159.7722954801232,standing,standing
81,2.7040727569331158,173.48037140179724,172.65996281501015,158.48838750121803,standing,standing
82,2.7374563712162407,172.5681961771874,172.1439675308609,157.27444280514572,standing,standing
83,2.7708399854993657,172.2215049083416,171.7555148161448,156.61268964160524,standing,standing
84,2.8042235997824907,172.1420134519703,171.63432117901712,156.3893920497222,standing,standing
85,2.8376072140656157,172.35646744338317,171.50983707447463,156.4899535733117,standing,standing
86,2.87099082834874,172.57526770282016,171.28874542091705,156.64290706870358,standing,standing
87,2.904374442631865,172.90758045005435,170.97850784477538,157.01629261297765,standing,standing
88,2.93775805691499,173.4302651509219,170.5741954240359,157.81662067875124,standing,standing
89,2.971141671198115,173.93361589822098,170.18902767233277,158.74799513006428,standing,standing
90,3.00452528548124,174.51298086588673,169.7701214899464,159.5376188677086,standing,standing
91,3.0379088997643646,175.07526573640607,169.35129075190093,160.3669194516844,standing,standing
92,3.0712925140474896,175.47881386315663,169.19105143171805,161.1916460389623,standing,standing
93,3.1046761283306146,175.93633960589233,169.10436389834106,161.77727503830033,standing,standing
94,3.1380597426137395,176.29486180421918,169.11967850916358,162.16876369112623,standing,standing
95,3.1714433568968645,176.65052783551317,169.13330173446906,162.47289533301688,standing,standing
96,3.204826971179989,176.92751132525694,169.0871735791008,162.53538703717626,standing,standing
97,3.238210585463114,177.12661614661653,169.12206082840805,162.58489799286923,standing,standing
98,3.271594199746239,177.18616799747866,169.26776691282708,162.61958897949341,standing,standing
99,3.304977814029364,177.1927994091613,169.57512332220952,162.65295193753815,standing,standing
100,3.338361428312489,177.36730373182843,169.89254324765443,162.54877399413203,standing,standing
101,3.3717450425956135,177.62850900509235,170.20344217384837,162.25743109780592,standing,standing
102,3.4051286568787384,177.8438523953326,170.55364062465992,161.91056748248127,standing,standing
103,3.4385122711618634,177.99656914264182,170.906576191971,161.60928503814276,standing,standing
104,3.4718958854449884,177.98341911119812,171.1347930967716,161.7781052079685,standing,standing
105,3.5052794997281134,177.94221954601554,171.22803108401672,162.1015954237904,standing,standing
106,3.5386631140112383,178.03683438407535,171.2046795844638,162.49132568556053,standing,standing
107,3.572046728294363,178.28533733036812,171.02609169808898,162.89035357401727,standing,standing
108,3.605430342577488,178.2646283792148,170.84468658738678,163.36031711663082,standing,standing
109,3.638813956860613,178.28917991190545,170.7382117501212,163.7663949285357,standing,standing
110,3.672197571143738,178.33777528473865,170.7147390901904,163.7685641785169,standing,standing
111,3.7055811854268628,178.4749390933897,170.7281895743523,163.3099939648086,standing,standing
112,3.7389647997099873,178.63436948861812,170.86710721755287,162.87162639560734,standing,standing
113,3.7723484139931123,178.864651399612,170.9725474845158,162.5249902537377,standing,standing
114,3.8057320282762372,179.1081369543441,171.01867986869408,162.2274673143928,standing,standing
115,3.839115642559362,178.75190280622115,170.97932176814763,161.89198242530978,standing,standing
116,3.872499256842487,178.49601075812717,170.8622196494864,161.52677139302128,standing,standing
117,3.9058828711256117,178.45696187829458,170.72557388978964,161.30871288968245,standing,standing
118,3.9392664854087367,178.58544265837747,170.60717792818525,161.3041837860585,standing,standing
119,3.9726500996918617,178.81180499618944,170.51872231510794,161.36387005844884,standing,standing
120,4.006033713974986,179.31657472404618,170.65027459879806,161.1333899233548,standing,standing
121,4.039417328258112,179.68930786444068,170.88174055932535,160.86613205330536,standing,standing
122,4.072800942541236,179.40811558590767,171.2306673080173,160.74424497681713,standing,standing
123,4.106184556824362,178.95324192102447,171.44736749776615,160.62544011248207,standing,standing
124,4.139568171107486,178.67698096998808,171.73946936574424,160.78416254938344,standing,standing
125,4.172951785390611,178.6854733359557,171.93911335577914,161.20429330533585,standing,standing
126,4.206335399673736,178.3687456771414,172.2352956123416,161.53914978814106,standing,standing
127,4.239719013956861,178.62902171511962,172.8322379222724,162.02416377510337,standing,standing
128,4.273102628239986,179.06190856176946,173.64011349841667,162.38077328100178,standing,standing
129,4.3064862425231105,179.43086218282053,175.14660725344135,162.2395123832191,standing,standing
130,4.339869856806235,179.45279140508177,177.02992356015193,161.50551230125967,standing,standing
131,4.3732534710893605,179.16938129806593,179.27483551082742,160.27510225888238,standing,standing
132,4.406637085372485,178.61964891757285,178.53041448527972,159.45124900969512,standing,standing
133,4.44002069965561,178.2661906853316,176.40179400714905,157.11051183758553,standing,standing
134,4.473404313938735,177.45011290373205,173.9442346133246,153.60808033255782,standing,standing
135,4.5067879282218595,173.96654104589533,170.02268861584378,148.93889693670025,standing,standing
136,4.540171542504985,170.0462393476551,165.31241062576999,142.69002144089245,standing,standing
137,4.573555156788109,162.18611096323758,157.7852621535917,135.14550931136066,standing,standing
138,4.606938771071235,151.27268116964183,147.31395411235064,127.17375792416189,standing,standing
139,4.640322385354359,139.72516888645578,134.90762417590472,119.82580210827935,standing,standing
140,4.673705999637484,128.40766274422205,122.94720543487864,113.56242404217193,sitting,standing
141,4.707089613920609,119.87716018776047,112.53567550833064,108.56192219392321,sitting,standing
142,4.740473228203734,111.78044268687172,104.13746903424345,105.9203831213726,sitting,sitting
143,4.773856842486859,105.40927997031862,97.7423384317591,103.97617041251803,sitting,sitting
144,4.807240456769984,99.7566250441349,92.62998408258784,103.57757932773382,sitting,sitting
145,4.840624071053108,95.04077316768931,88.35840663394342,105.34808711580425,sitting,sitting
146,4.874007685336234,93.38921797510679,86.68651956283497,105.77026942251872,sitting,sitting
147,4.907391299619358,90.41997516069415,84.08537267077494,102.64751887539856,sitting,sitting
148,4.940774913902484,85.7454068764975,80.25083066819039,98.94959034825251,sitting,sitting
149,4.974158528185608,83.68921392539637,78.14284123623818,93.24173323483099,sitting,sitting
150,5.007542142468734,82.75393046008938,77.21110596963959,87.5889970465069,sitting,sitting
151,5.040925756751858,83.39195253285433,77.22871903576743,82.97759975777116,sitting,sitting
152,5.074309371034983,83.17742066203672,78.27101695815054,81.12984088369281,sitting,sitting
153,5.107692985318108,83.30214745196581,79.96092155226202,82.83391185348395,sitting,sitting
154,5.141076599601233,83.02403774906017,81.84337777940533,88.01630297709923,sitting,sitting
155,5.174460213884358,83.60829168700306,83.73140199766505,96.41310304721321,sitting,sitting
156,5.207843828167483,85.08210382043085,86.45391568733282,105.9937705773642,sitting,sitting
157,5.241227442450607,86.10887370028142,88.6494610242697,113.47029439981259,sitting,sitting
158,5.2746110567337325,85.84553977514167,90.01152079631179,119.60781587490271,sitting,sitting
159,5.307994671016857,87.58176488385126,92.35127533895303,123.10605249899831,sitting,sitting
160,5.3413782852999825,88.41537923032816,94.58825030058755,125.9361271666218,sitting,sitting
161,5.374761899583107,89.68906838297015,97.15074853923579,127.70938892309445,sitting,sitting
162,5.4081455138662315,91.74108597530855,100.44971001262677,129.49005505073492,sitting,sitting
163,5.441529128149357,93.34052751466902,103.5846726551226,131.20796453729508,sitting,sitting
164,5.4749127424324815,94.69642886421866,106.7030646324462,132.8881358864785,sitting,sitting
165,5.508296356715607,95.53445539885897,109.7733489636718,134.364655298851,sitting,sitting
166,5.541679970998731,94.75414900878533,112.1049629318438,135.41172367083482,sitting,sitting
167,5.575063585281856,93.41041296591843,113.859093189029,136.37565595297258,sitting,sitting
168,5.608447199564981,91.4709878918505,114.84582753209872,137.3278631388893,sitting,sitting
169,5.641830813848106,88.81253016060955,115.40303330648015,138.32753694220088,sitting,sitting
170,5.675214428131231,85.17150424794787,115.28648819579782,139.40308269872745,sitting,sitting
171,5.708598042414356,82.27093909625673,115.00744346917702,140.306494471582,sitting,sitting
172,5.74198165669748,80.73955901853444,114.90495812702329,140.9315947116217,sitting,sitting
173,5.775365270980606,80.10367819157514,114.64069601043991,141.12051109247122,sitting,sitting
174,5.80874888526373,80.61340385530187,114.4687244264419,141.00132152188536,sitting,sitting
175,5.842132499546856,80.674922223978,114.05742759916453,140.27590659981172,sitting,sitting
176,5.87551611382998,80.5851625345702,112.96935330570922,139.1072254257178,sitting,sitting
177,5.908899728113105,81.35169265602997,111.98347909613247,137.32569643991428,sitting,sitting
178,5.94228334239623,82.48921671787899,111.15543084011915,135.56070318950262,sitting,sitting
179,5.975666956679355,83.33327370038091,110.31724729137144,134.26162774212094,sitting,sitting
180,6.00905057096248,83.58413351474488,109.68735425820546,133.46662165540445,sitting,sitting
181,6.042434185245605,82.98530170778056,109.59588484406584,133.31926123559526,sitting,sitting
182,6.075817799528729,82.50125464179948,110.38962868773822,133.24736881270263,sitting,sitting
183,6.109201413811855,82.46702052684219,111.38960926221736,133.35501144203278,sitting,sitting
184,6.142585028094979,82.2699726382225,112.63344380323728,133.44992218101814,sitting,sitting
185,6.175968642378105,80.97336497372542,113.42497534554036,133.4219417218422,sitting,sitting
186,6.209352256661229,79.65023847877329,114.18077812254987,133.4130249071201,sitting,sitting
187,6.242735870944354,78.24057746949222,114.78465151837608,133.29597356386174,sitting,sitting
188,6.276119485227479,77.2735566516501,115.39699144905714,133.45267142929248,sitting,sitting
189,6.309503099510604,76.48021553138256,115.60524743126045,134.04526156969195,sitting,sitting
190,6.342886713793729,75.39522694098434,115.86997373974354,134.75156322385195,sitting,sitting
191,6.376270328076854,74.22159054253589,115.97339636671768,135.44590479102874,sitting,sitting
192,6.409653942359978,73.89874375673924,116.23159970984428,135.9343311419315,sitting,sitting
193,6.4430375566431035,74.62050137292113,116.64950027371535,136.35484774849135,sitting,sitting
194,6.476421170926228,75.049993687392,117.12422558981655,136.5475950537164,sitting,sitting
195,6.5098047852093535,74.98203334498496,117.47061610887471,136.6084659851758,sitting,sitting
196,6.543188399492478,74.53426953495926,117.60409455316918,136.67894221814666,sitting,sitting
197,6.5765720137756025,73.84799261992617,117.73891621950412,136.81360439903892,sitting,sitting
198,6.609955628058728,72.91557082011846,117.82607508096035,136.897227114661,sitting,sitting
199,6.6433392423418525,72.19295157808529,117.72790672806298,136.95127354112398,sitting,sitting
200,6.676722856624978,72.05187069317691,117.59762627011133,136.95882141283295,sitting,sitting
201,6.710106470908102,72.85400138931006,117.49154931207892,136.86265753271365,sitting,sitting
202,6.743490085191227,74.07389100453054,117.49308473242024,136.73277874813928,sitting,sitting
203,6.776873699474352,75.96946177228942,117.82625634814217,136.57021894886492,sitting,sitting
204,6.810257313757477,78.1317727836317,118.40224809726837,136.42600762550111,sitting,sitting
205,6.843640928040602,80.72498396565587,118.97562516991674,136.3131503888322,sitting,sitting
206,6.877024542323727,82.78005777380471,119.56592132659685,136.20596496473445,sitting,sitting
207,6.910408156606852,83.93587440967346,120.22442500784965,136.17353451409457,sitting,sitting
208,6.943791770889977,83.69354185645605,120.68082886112762,136.16752858994624,sitting,sitting
209,6.977175385173101,82.97801376715611,121.01418528427195,136.1264400528428,sitting,sitting
210,7.010558999456227,81.78031896609201,121.14949797885293,136.10178377760965,sitting,sitting
211,7.043942613739351,81.32259563532241,121.39320484269248,136.0600718059476,sitting,sitting
212,7.077326228022477,81.3433421985454,121.74244428733832,135.94213496278527,sitting,sitting
213,7.110709842305601,81.3594706492498,122.14702682254753,135.9079019192345,sitting,sitting
214,7.144093456588726,81.10432662410653,122.31303694386428,135.9052803573269,sitting,sitting
215,7.177477070871851,80.07531645580772,121.87270789043497,136.01464238974074,sitting,sitting
216,7.210860685154976,77.85633649581423,121.43703733478173,136.20188917208696,sitting,sitting
217,7.244244299438101,75.24814982793069,121.2347974689302,136.49594145021283,sitting,sitting
218,7.277627913721226,72.41711090073139,121.11971205384975,136.86144315116013,sitting,sitting
219,7.31101152800435,70.29695511789187,121.27929857953526,137.1732696261739,sitting,sitting
220,7.344395142287476,68.9289639012311,121.65147921946996,137.43980075598137,sitting,sitting
221,7.3777787565706,69.3075794267005,122.32154143084887,137.54100512362817,sitting,sitting
222,7.4111623708537255,70.43891986519915,123.03308777593497,137.4488011147647,sitting,sitting
223,7.44454598513685,71.68364084709194,123.67714143822631,137.31595125701227,sitting,sitting
224,7.477929599419975,72.82295402605182,123.80216858326811,137.0918346402939,sitting,sitting
225,7.5113132137031,73.52322282370753,123.46983886219292,136.92778493051617,sitting,sitting
226,7.5446968279862245,73.82897801345197,123.11923916406658,136.76915849210224,sitting,sitting
227,7.57808044226935,74.05093701677086,122.74209027933858,136.62008416431178,sitting,sitting
228,7.6114640565524745,74.23592648025162,122.35538548388863,136.51256297979876,sitting,sitting
229,7.644847670835599,74.49733065133546,122.04605114950188,136.41685148615323,sitting,sitting
230,7.678231285118724,74.85783319623633,121.9238451038922,136.39235676629113,sitting,sitting
231,7.711614899401849,75.67276732086137,121.95453137688551,136.42141119797895,sitting,sitting
232,7.744998513684974,76.74078995077735,122.0927814190066,136.5145885558402,sitting,sitting
233,7.778382127968099,77.89529316407695,122.26435017515028,136.6053921672841,sitting,sitting
234,7.811765742251223,78.81286129463513,122.3196912404228,136.66995076039203,sitting,sitting
235,7.845149356534349,79.1778462266519,122.21637375012423,136.89594675184344,sitting,sitting
236,7.878532970817473,79.34007317842247,122.04666046438956,137.35837674684973,sitting,sitting
237,7.911916585100599,79.28408228284061,121.83885090968374,138.12844450865862,sitting,sitting
238,7.945300199383723,79.34978306216597,121.85750119687036,139.13855215260327,sitting,sitting
239,7.978683813666848,79.83301762783984,122.1411704630394,140.2714580822274,sitting,sitting
240,8.012067427949972,79.95823180478283,122.53553367265593,141.69093910127958,sitting,sitting
241,8.045451042233099,80.01722494241366,122.79441493451247,143.16762626383354,sitting,sitting
242,8.078834656516223,79.51058202217565,122.87348516228225,144.51234678749478,sitting,sitting
243,8.112218270799348,79.26621784579818,122.77519906617121,145.58680415660547,sitting,sitting
244,8.145601885082472,78.9284043023209,122.47325470151691,146.43862385837718,sitting,sitting
245,8.178985499365597,78.29913421667666,121.83469373903287,147.24277752992822,sitting,sitting
246,8.212369113648723,78.48902474229456,121.18835016103827,147.98187608346313,sitting,sitting
247,8.245752727931848,79.05671698375522,120.65666996589374,148.64656813758998,sitting,sitting
248,8.279136342214972,80.22259288336764,120.61738021988398,149.08011963514014,sitting,sitting
249,8.312519956498097,81.82184466126982,120.90334690814237,149.30828661185546,sitting,sitting
250,8.345903570781221,81.54147389055743,121.17548244703562,149.5278486907091,sitting,sitting
251,8.379287185064348,80.49589117052183,121.39333986960943,149.63631096076887,sitting,sitting
252,8.412670799347472,78.53526830517487,121.56086042502879,149.5798808607443,sitting,sitting
253,8.446054413630597,77.55396395907155,121.8858784699628,149.43278962170564,sitting,sitting
254,8.479438027913721,76.98377581480669,122.14181411231618,149.20876449066077,sitting,sitting
255,8.512821642196846,76.65337980530953,122.39822028438309,149.01685662827924,sitting,sitting
256,8.546205256479972,77.25220639010371,122.77677132828924,148.85489451034994,sitting,sitting
257,8.579588870763097,77.26941041205228,122.90103715634649,148.6762931890195,sitting,sitting
258,8.612972485046221,78.35840002187777,123.2520052902475,148.4423315871475,sitting,sitting
259,8.646356099329346,79.99277698584373,123.69166647953676,148.27459139712755,sitting,sitting
260,8.67973971361247,80.48965062000497,124.0278206659762,148.2160100978774,sitting,sitting
261,8.713123327895596,80.46928813818514,124.16548462660063,148.2675141391963,sitting,sitting
262,8.746506942178721,80.72966510653382,124.1497095034326,148.3816165532362,sitting,sitting
263,8.779890556461845,81.77637000117019,124.28374461315391,148.3374661598669,sitting,sitting
264,8.81327417074497,82.94061455674444,124.4713847890041,148.40386647617987,sitting,sitting
265,8.846657785028095,84.04915704384035,125.05297669164767,148.59734691045787,sitting,sitting
266,8.88004139931122,85.09622463535442,125.66066127032516,148.959369151462,sitting,sitting
267,8.913425013594345,85.42420065124422,125.92582854673188,149.51295562168394,sitting,sitting
268,8.94680862787747,87.72779348961328,126.45207476903866,150.1510477041155,sitting,sitting
269,8.980192242160594,89.0981773909305,126.51712402298526,150.8519816419292,sitting,sitting
270,9.013575856443719,89.077310439729,125.88090067638305,151.86312257132786,sitting,sitting
271,9.046959470726845,87.93715537140872,124.57301043418438,152.72639637048633,sitting,sitting
272,9.08034308500997,87.00318516259006,122.57985556611789,153.5151840357331,sitting,sitting
273,9.113726699293094,85.68795885233234,120.00048544478713,153.9012656720193,sitting,sitting
274,9.147110313576219,83.94610507364293,117.17401587747963,154.17974534846206,sitting,sitting
275,9.180493927859343,82.74420406987346,114.68104855130741,154.35385943894556,sitting,sitting
276,9.21387754214247,81.90016718304445,112.43624105785355,154.4292281923535,sitting,sitting
277,9.247261156425594,81.8222080663671,110.81069967053566,154.3995200432904,sitting,sitting
278,9.280644770708719,82.23052109159062,109.5973797208552,154.24442096613637,sitting,sitting
279,9.314028384991843,82.5400329532995,108.71546948275702,153.9412253785984,sitting,sitting
280,9.347411999274968,83.4810449337228,108.66062303579176,153.72798556763829,sitting,sitting
281,9.380795613558094,85.42471516742509,109.50600412753647,153.40523066385776,sitting,sitting
282,9.414179227841219,87.10603492011015,109.28518895017459,153.35449852995853,sitting,sitting
283,9.447562842124343,88.50822846971025,108.63353531493414,153.4573206586586,sitting,sitting
284,9.480946456407468,89.44171966961979,107.92729321425001,153.4660705569848,sitting,sitting
285,9.514330070690592,90.38175540683375,107.39393738015346,153.68115541477067,sitting,sitting
286,9.547713684973719,90.39000265853176,106.69635834067152,153.54980253082888,sitting,sitting
287,9.581097299256843,90.26522924624626,106.18562132794543,153.52887063296743,sitting,sitting
288,9.614480913539968,89.1167022956758,105.33095556571638,153.18026105082697,sitting,sitting
289,9.647864527823092,88.33764470061806,104.43404953413426,152.7731694370229,sitting,sitting
290,9.681248142106217,87.77957132760292,103.67555174558689,152.39197798008928,sitting,sitting
291,9.714631756389343,87.75917290028913,102.83573894819891,151.55255827444637,sitting,sitting
292,9.748015370672467,86.87021069090456,100.31120053865233,150.329618592354,sitting,sitting
293,9.781398984955592,86.98783486504459,98.4401869770165,148.6156194258821,sitting,sitting
294,9.814782599238717,87.49657301426353,97.03773926594636,146.29273410744804,sitting,sitting
295,9.848166213521841,88.07958589370847,95.8757009355107,143.98280167684752,sitting,sitting
296,9.881549827804967,88.72713423958913,94.82478879463804,140.99989715851223,sitting,sitting
297,9.914933442088092,89.42041268738168,93.3839090325007,138.23707070894076,sitting,sitting
298,9.948317056371216,89.80629391128153,91.57401821660217,135.62065584261924,sitting,sitting
299,9.981700670654341,89.78558415201431,88.9894355349144,133.33535815030277,sitting,sitting
300,10.015084284937467,89.00518517866476,86.00973364153852,131.05956221787136,sitting,sitting
301,10.048467899220592,89.33520444380603,84.17315435181055,128.7964862684337,sitting,sitting
302,10.081851513503716,89.50483345623836,83.6518099172367,127.05959512810017,sitting,sitting
303,10.11523512778684,90.16159717322321,84.83626591639845,125.04355183437713,sitting,sitting
304,10.148618742069965,90.37351047588402,86.63104423328963,123.12452250267445,sitting,sitting
305,10.182002356353092,90.56407533209321,88.61619111753652,121.4611039152154,sitting,sitting
306,10.215385970636216,90.5894865306078,90.0655406961352,119.95154204058792,sitting,sitting
307,10.24876958491934,90.61229425981368,90.50754455000023,119.68615446793231,sitting,sitting
308,10.282153199202465,89.77329808394816,89.8664659537338,121.05873869641711,sitting,sitting
309,10.31553681348559,89.86888533992794,89.86123945478195,124.03292313775636,sitting,sitting
310,10.348920427768716,91.00700911774402,90.68728380116605,129.08366333494587,sitting,sitting
311,10.38230404205184,93.96357782134865,93.96320545778659,135.1293769540533,sitting,sitting
312,10.415687656334965,98.27598733066952,99.75184499958178,141.04285460672145,sitting,sitting
313,10.44907127061809,103.94526135409703,107.25524053176085,145.80851403028853,sitting,sitting
314,10.482454884901214,109.6748933231964,115.04070788738025,149.22559953624938,sitting,sitting
315,10.51583849918434,115.29921401529246,122.81728146715187,151.16476100128787,sitting,sitting
316,10.549222113467465,121.04227807668312,129.87679829758594,151.9063046832958,sitting,sitting
317,10.58260572775059,126.89809967170797,136.5406213146282,152.2377415347379,sitting,sitting
318,10.615989342033714,132.01132365526678,142.50355687191558,152.41819311741915,standing,standing
319,10.649372956316839,137.5843637624173,148.63743520419277,152.50879115908455,standing,standing
320,10.682756570599965,143.0652481388747,154.0625765582997,153.42968223781088,standing,standing
321,10.71614018488309,149.0513688557615,159.139246850247,154.30086463156908,standing,standing
322,10.749523799166214,155.81295326807273,164.03956849025838,155.12626109149755,standing,standing
323,10.782907413449339,161.23647806159357,168.0394528793126,155.6541014499063,standing,standing
324,10.816291027732463,164.47123953081797,170.66669399797976,156.29198262154944,standing,standing
325,10.84967464201559,166.1769776339543,172.62091223138793,157.3898155420669,standing,standing
326,10.883058256298714,167.37061917512628,174.1532582554504,158.8384149534462,standing,standing
327,10.916441870581838,167.93538329697543,175.52327119819958,160.65394079672683,standing,standing
328,10.949825484864963,168.35831728124973,176.90823382985187,162.47079043049166,standing,standing
329,10.983209099148088,168.38249344318967,177.45946005374734,164.1777910714883,standing,standing
330,11.016592713431214,169.13437790370352,177.3856826658074,166.34682420941465,standing,standing
331,11.049976327714338,170.7868882142975,177.46156312241678,168.50824832962405,standing,standing
332,11.083359941997463,172.1441484934786,177.22974819509756,170.24810648309017,standing,standing
333,11.116743556280587,173.67877259362854,176.1200644075886,171.53653202232988,standing,standing
334,11.150127170563712,174.80165573640306,175.30780072101385,172.16037222844983,standing,standing
335,11.183510784846838,175.17485665870242,174.62202916090354,172.12780372882133,standing,standing
336,11.216894399129963,175.66641562148743,174.22927975942434,171.442966349381,standing,standing
337,11.250278013413087,176.38590350645063,173.9478811577636,170.18869676038796,standing,standing
338,11.283661627696212,176.94815718703185,173.40953968960451,168.78590296561356,standing,standing
339,11.317045241979336,177.48607637888182,172.92063891879616,167.28424785372863,standing,standing
340,11.350428856262463,178.02663178403228,172.66200598400494,166.13015137851778,standing,standing
341,11.383812470545587,178.39725802790588,172.68103520666023,165.3948495413727,standing,standing
342,11.417196084828712,178.68087740389416,173.09168174437147,165.01940200069978,standing,standing
343,11.450579699111836,178.04303452534657,173.5280666864855,164.95486285974843,standing,standing
344,11.48396331339496,177.47065925510464,173.96532202621108,165.00868516798218,standing,standing
345,11.517346927678087,176.95083836786515,174.32512410577047,165.2522894627437,standing,standing
346,11.550730541961212,176.57389016721072,174.57805132829188,165.4856157651341,standing,standing
347,11.584114156244336,176.37697744275283,174.7326665499632,165.47980477155224,standing,standing
348,11.61749777052746,176.34978214436794,174.76197447519223,165.44809227105085,standing,standing
349,11.650881384810585,176.17019995360195,174.71849016909758,165.49594176408453,standing,standing
350,11.684264999093712,176.24295998939283,174.6392099161794,165.58764518311892,standing,standing
351,11.717648613376836,176.61601210458548,174.52631617981075,165.6906338152316,standing,standing
352,11.75103222765996,176.99441074501038,174.49040883752434,165.8835979870097,standing,standing
353,11.784415841943085,177.27807843224576,174.3939624306306,165.7816155555207,standing,standing
354,11.81779945622621,177.6915462988444,174.24832917212436,165.7385613495357,standing,standing
355,11.851183070509336,177.85011322288548,174.03528168879527,165.93486718018292,standing,standing
356,11.88456668479246,177.89887271444434,173.77537035679848,166.23242460614614,standing,standing
357,11.917950299075585,177.76614588276078,173.5261779490615,166.08375095932502,standing,standing
358,11.95133391335871,177.79061193838447,173.20549696916612,165.59001118067465,standing,standing
359,11.984717527641834,177.68292644184655,172.81089683355356,165.01155793588688,standing,standing
360,12.01810114192496,177.84821567073033,172.47023951255892,164.3362433300232,standing,standing
361,12.051484756208085,177.9670692267601,172.21252045222838,163.68689561139172,standing,standing
362,12.08486837049121,178.0123913941598,172.18049182312296,163.17559379126965,standing,standing
363,12.118251984774334,178.05152255309616,172.2205328528613,162.52982732479168,standing,standing
364,12.151635599057458,178.54690801354974,172.21747387122429,162.36698266943222,standing,standing
365,12.185019213340585,179.0652896592801,172.25019588099792,162.65385997277014,standing,standing
366,12.21840282762371,179.2753683788015,172.18788282018178,162.97774679410657,standing,standing
367,12.251786441906834,179.3387095442053,172.05660993590718,162.4080363629093,standing,standing
368,12.285170056189958,179.38534343708272,171.7777616730872,161.4958644281249,standing,standing
369,12.318553670473083,179.1014049297033,171.44130216401823,160.41170223822212,standing,standing
370,12.35193728475621,178.66709846739627,171.20635132110294,159.25494987106313,standing,standing
371,12.385320899039334,178.16048411413482,171.0602800154286,158.26080437743246,standing,standing
372,12.418704513322458,177.7035317683062,171.07520860814816,157.78928163852686,standing,standing
373,12.452088127605583,177.41707204427541,171.19812398966087,157.75914914366453,standing,standing
374,12.485471741888707,177.32222333643765,171.32515621470162,158.5975366615737,standing,standing
375,12.518855356171834,177.3376020369775,171.47899950260643,159.74662939966157,standing,standing
376,12.552238970454958,176.91038075889685,171.53130573890326,160.80844776680715,standing,standing
377,12.585622584738083,176.36972770409494,171.53137073737764,161.2415778332329,standing,standing
378,12.619006199021207,176.2027098487133,171.36213211821186,161.58447046972884,standing,standing
379,12.652389813304332,176.47661765554778,171.12168530291635,161.72659570293257,standing,standing
380,12.685773427587458,176.61678040635033,170.88440810758456,161.73603063271378,standing,standing
381,12.719157041870583,177.18879744594616,170.7175619980945,161.81109927512756,standing,standing
382,12.752540656153707,177.9641082772236,170.65548295370598,161.94987957423587,standing,standing
383,12.785924270436832,177.78030995888744,170.72917734398072,162.03309641345095,standing,standing
384,12.819307884719956,177.14319026336028,170.90366667113867,162.275985085486,standing,standing
385,12.852691499003082,176.7250540362237,171.07648849089512,162.45447172356813,standing,standing
386,12.886075113286207,176.57110308211296,171.27242386572533,162.56858744720216,standing,standing
387,12.919458727569332,176.7406577802526,171.45424286468798,162.727487324587,standing,standing
388,12.952842341852456,177.16552230455392,171.58185673920383,162.95176399262016,standing,standing
389,12.98622595613558,177.80731196412393,171.66961029630875,163.08595268652795,standing,standing
390,13.019609570418707,178.38827286351165,171.66004115295684,162.7010360609276,standing,standing
391,13.052993184701831,177.89020552175043,171.70819959460022,162.11255823498317,standing,standing
392,13.086376798984956,177.57068984268642,171.75296269959227,161.4056705226896,standing,standing
393,13.11976041326808,177.33564963165963,171.82883559245738,160.2885103911182,standing,standing
394,13.153144027551205,177.14372804367997,171.9923980318457,158.93677211345948,standing,standing
395,13.186527641834331,176.94724778754755,172.17737142339325,157.54043988162607,standing,standing
396,13.219911256117456,176.58400259429536,172.5077302007033,156.2698883960133,standing,standing
397,13.25329487040058,176.2783033610057,172.78466480407673,155.3661888538228,standing,standing
398,13.286678484683705,176.0294359803305,173.24660033072476,154.72790190866763,standing,standing
399,13.32006209896683,175.791525658205,173.78973800485807,154.1661754565918,standing,standing
400,13.353445713249956,175.5112405891906,174.4545769671451,153.29870726051132,standing,standing
401,13.38682932753308,175.09693532297183,175.32205293927606,151.4856971455996,standing,standing
402,13.420212941816205,175.07394511802298,176.44143096589966,151.19017266057512,standing,standing
403,13.45359655609933,175.4670317598169,177.81307278277637,151.40915240468092,standing,standing
404,13.486980170382454,175.7654950688853,179.59549816552277,152.13431105700056,standing,standing
405,13.52036378466558,175.7394231699272,178.31370369891607,153.87523942291125,standing,standing
406,13.553747398948705,174.85359734490686,175.79623248157623,155.21900873053949,standing,standing
407,13.58713101323183,174.42946622022112,173.6087314863538,157.83018457469473,standing,standing
408,13.620514627514954,173.7906855075259,171.06862859847402,158.12099574403337,standing,standing
409,13.653898241798078,172.09828302048697,168.00320718413468,156.82046118419987,standing,standing
410,13.687281856081205,170.45473146841516,165.108325851328,152.61464265227352,standing,standing
411,13.72066547036433,166.35033767216987,160.80305439396,147.41938086813508,standing,standing
412,13.754049084647454,160.51510479947513,155.30340177126453,143.7930027741396,standing,standing
413,13.787432698930578,153.57341425261853,148.81770503758273,139.5343236444017,standing,standing
414,13.820816313213705,146.0057085475144,141.43561637238136,135.20825724771993,standing,standing
415,13.854199927496829,138.36754822255648,134.02516336785214,130.74835982109386,standing,standing
416,13.887583541779954,132.14785420536603,127.5851409344107,129.07181276690974,sitting,standing
417,13.920967156063078,127.63273368803132,122.84988991548332,128.97512405251024,sitting,standing
418,13.954350770346203,124.67749690553852,118.69648608893124,128.62087915368886,sitting,sitting
419,13.987734384629329,121.96595100581175,114.72821163928126,130.70044256761184,sitting,sitting
420,14.021117998912453,118.28679107813485,110.64339040860261,133.94164305443354,sitting,sitting
421,14.054501613195578,112.19678268659604,105.42436896363344,140.0166786640126,sitting,sitting
422,14.087885227478703,105.25482997006435,100.79252271024932,142.64431276870042,sitting,sitting
423,14.121268841761827,98.87971415949764,96.51029824539427,143.04754015171343,sitting,sitting
424,14.154652456044953,94.96492291888852,92.55788237906319,141.3783694421187,sitting,sitting
425,14.188036070328078,92.64609139515778,89.93434351333639,137.59667944032293,sitting,sitting
426,14.221419684611202,93.0621797362408,88.14129684651292,134.36795257169967,sitting,sitting
427,14.254803298894327,94.12288717487378,85.6688479145069,128.08806847005488,sitting,sitting
428,14.288186913177451,96.82967791209157,82.57674651445879,121.24732934273322,sitting,sitting
429,14.321570527460578,98.69675805456467,79.41096427044289,119.69151015882818,sitting,sitting
430,14.354954141743702,99.89353373543736,76.96553974313586,115.93729599421758,sitting,sitting
431,14.388337756026827,101.97968652805343,76.64835609405993,110.15992925866871,sitting,sitting
432,14.421721370309951,105.3699612515192,78.45410917570078,100.71166257418886,sitting,sitting
433,14.455104984593076,108.61584489511625,80.23913224363301,100.19319009030986,sitting,sitting
434,14.488488598876202,111.79435086107517,81.61406341591825,105.02619086701345,sitting,sitting
435,14.521872213159327,113.6877489180154,83.99613126021595,114.81660719461992,sitting,sitting
436,14.555255827442451,115.19693618458166,85.79955986200736,121.3423971584793,sitting,sitting
437,14.588639441725576,114.4667542661606,86.33504887857573,123.61140617167027,sitting,sitting
438,14.6220230560087,113.7212629050699,86.81999717256465,124.07520878284646,sitting,sitting
439,14.655406670291827,111.50545121306547,87.09724694709114,119.8261848661345,sitting,sitting
440,14.688790284574951,109.95056834033923,88.45055586439398,114.2480053175177,sitting,sitting
441,14.722173898858076,108.88441075072578,90.94395572613715,108.14152454308174,sitting,sitting
442,14.7555575131412,108.60626147896733,93.62997305135345,102.24118389028683,sitting,sitting
443,14.788941127424325,107.21911091896887,94.89014224328726,98.38613213346818,sitting,sitting
444,14.822324741707451,106.52426007981681,96.1553557792245,95.25154954014529,sitting,sitting
445,14.855708355990576,105.07172610382366,97.63086530406918,95.44883614003113,sitting,sitting
446,14.8890919702737,103.46911980865684,98.76349158173954,99.559143557291,sitting,sitting
447,14.922475584556825,101.36009300478142,99.99656760183227,101.767454172416,sitting,sitting
448,14.95585919883995,99.86364462634985,101.39280344025504,103.50725905768945,sitting,sitting
449,14.989242813123075,97.7837738058189,102.15509215154313,104.47541878889172,sitting,sitting
450,15.0226264274062,95.62341051187701,102.73962119058909,105.65124597748742,sitting,sitting
451,15.056010041689325,93.84883528143276,103.43069664665863,106.75450847423178,sitting,sitting
452,15.089393655972449,92.58337006685727,103.98543929398178,107.51282368429624,sitting,sitting
453,15.122777270255574,91.91621034570937,104.79343653185494,108.47363615736435,sitting,sitting
454,15.1561608845387,92.74618419090348,106.07163903147027,109.79397364085749,sitting,sitting
455,15.189544498821824,92.37781454263467,107.12387221595745,110.8196405550215,sitting,sitting
456,15.222928113104949,91.52285301992481,108.67840719913991,112.26840302288227,sitting,sitting
457,15.256311727388074,90.54926825594643,110.65318663510598,114.42401367161725,sitting,sitting
458,15.289695341671198,88.86987381976061,112.64546934226453,116.46859416283144,sitting,sitting
459,15.323078955954324,86.76919828595098,114.60226753123084,118.74121379831378,sitting,sitting
460,15.356462570237449,84.25266235609023,116.56992409000688,120.68176331596729,sitting,sitting
461,15.389846184520573,81.53283994911774,118.71417986392362,122.07389489561557,sitting,sitting
462,15.423229798803698,78.85228536280937,120.64129672362237,122.63376949956547,sitting,sitting
463,15.456613413086822,77.23737259369514,122.36172317167485,123.23504971723514,sitting,sitting
464,15.489997027369949,76.86398054245609,123.78304835245919,123.57706651161033,sitting,sitting
465,15.523380641653073,76.27976726294507,124.98700777686548,123.05207779156795,sitting,sitting
466,15.556764255936198,75.87926328490047,126.08823335231892,123.0204150948411,sitting,sitting
467,15.590147870219322,75.56176518364617,126.85325065394133,123.35598303292129,sitting,sitting
468,15.623531484502447,75.98961562396659,126.77554721620942,122.78675544048232,sitting,sitting
469,15.656915098785573,76.89783209055426,126.32543115619724,121.48877850001386,sitting,sitting
470,15.690298713068698,77.664852855171,125.86902615255647,119.80847774382698,sitting,sitting
471,15.723682327351822,78.12106198809028,125.5132829905009,117.79150571086032,sitting,sitting
472,15.757065941634947,78.42892776042667,125.37702022858099,115.37445150559162,sitting,sitting
473,15.790449555918071,79.0180698705955,125.93011102156999,113.00462981529323,sitting,sitting
474,15.823833170201198,80.1056859780623,127.19191973816449,110.99561090218859,sitting,sitting
475,15.857216784484322,80.62611005175017,128.7181347799923,109.28130511652262,sitting,sitting
476,15.890600398767447,80.03514093094509,130.55069748823175,108.8465851080679,sitting,sitting
477,15.923984013050571,78.78049790921386,132.1480371505013,108.75442398475452,sitting,sitting
478,15.957367627333696,78.11150384267117,133.05319335706025,108.26340442720036,sitting,sitting
479,15.990751241616822,76.88271225162822,133.1023250288616,107.82745686558457,sitting,sitting
480,16.024134855899945,76.78148099051673,133.2107223847238,107.79124586736344,sitting,sitting
481,16.057518470183073,77.58725558063828,133.3259550207692,107.87182966662887,sitting,sitting
482,16.090902084466197,79.29139508940881,133.4711101159747,107.91921963781931,sitting,sitting
483,16.124285698749322,82.40513100349634,134.21507314764585,108.15113454008309,sitting,sitting
484,16.157669313032446,85.97929821151868,134.91465262499375,108.50666139072324,sitting,sitting
485,16.19105292731557,88.48225319471797,135.41779593442894,108.45082090118147,sitting,sitting
486,16.224436541598696,88.85696785473206,135.71785961568048,108.43572877951465,sitting,sitting
487,16.25782015588182,87.72923717373209,135.55992928618025,108.58438742007776,sitting,sitting
488,16.291203770164945,85.12518304046162,134.8510788378033,108.71521554882419,sitting,sitting
489,16.32458738444807,81.55914837914463,133.74724264659187,109.05925580450844,sitting,sitting
490,16.357970998731194,79.17617078670489,133.1814994626837,109.15784701785212,sitting,sitting
491,16.39135461301432,77.5610603833454,132.70550086852123,109.15041568106058,sitting,sitting
492,16.424738227297446,76.84049192472739,132.38285842701453,108.86770443343676,sitting,sitting
493,16.45812184158057,77.3097300168444,132.15896583056028,108.56694915955941,sitting,sitting
494,16.491505455863695,77.80655662125449,131.7220564879147,108.32764410683836,sitting,sitting
495,16.52488907014682,78.48524380575432,131.4971642685652,108.12796515174196,sitting,sitting
496,16.558272684429944,79.01190249134385,131.23818000504167,107.92987756716032,sitting,sitting
497,16.59165629871307,79.25429978715937,130.9028607555858,107.91172247087002,sitting,sitting
498,16.625039912996193,79.30343612413404,130.52592917460964,108.06361755130254,sitting,sitting
499,16.658423527279318,79.22977842173033,130.19035298515269,108.444459326462,sitting,sitting
500,16.691807141562442,78.8546724229541,129.8477067929221,108.6621842747291,sitting,sitting
501,16.72519075584557,78.46591933508134,129.56675094260058,108.64111333975919,sitting,sitting
502,16.758574370128695,78.3770182986798,129.40024390953118,108.31315343054985,sitting,sitting
503,16.79195798441182,78.25111528802255,129.19911281007882,108.07191809834173,sitting,sitting
504,16.825341598694944,79.09320078845839,129.28162232003086,107.93397346048079,sitting,sitting
505,16.85872521297807,81.21480728583256,129.63283619132864,107.85467570876466,sitting,sitting
506,16.892108827261193,83.68017500713064,129.9666103174707,107.47149126246815,sitting,sitting
507,16.925492441544318,86.23153047708173,130.2924361544796,107.15303214335108,sitting,sitting
508,16.958876055827442,88.19173928880552,130.37054797129196,106.95364737564708,sitting,sitting
509,16.992259670110567,89.30573158297283,130.11974349622892,106.8298304107719,sitting,sitting
510,17.02564328439369,88.73589361231393,129.6434454839506,106.71067609970734,sitting,sitting
511,17.05902689867682,86.97390439450061,129.08980377877145,106.45411275715216,sitting,sitting
512,17.092410512959944,85.05229209024037,128.51549576865278,106.17478939644523,sitting,sitting
513,17.12579412724307,82.70674730275863,127.92521368334056,105.97024512386031,sitting,sitting
514,17.159177741526193,80.9987006290422,127.72039201677087,105.78082557658834,sitting,sitting
515,17.192561355809318,79.87311726654517,127.92718278885908,105.78801251239477,sitting,sitting
516,17.225944970092442,78.70565684069686,128.51323128999297,105.83097604169487,sitting,sitting
517,17.259328584375567,77.21185457817546,129.30550140906672,105.9912117877313,sitting,sitting
518,17.29271219865869,76.69626471213209,129.839859847704,106.31176556899916,sitting,sitting
519,17.326095812941816,77.43114705911776,130.19158526219323,106.64150971682258,sitting,sitting
520,17.35947942722494,78.24957902850451,130.43815769674714,106.86114334840858,sitting,sitting
521,17.39286304150807,78.93734029378314,130.28052158850232,106.8329346459706,sitting,sitting
522,17.426246655791193,79.64166044025183,129.89107207600344,106.70924589498095,sitting,sitting
523,17.459630270074317,79.86259505630244,129.37849004252502,106.6344463798237,sitting,sitting
524,17.493013884357442,80.13710987057615,129.32159524133408,106.56115600019928,sitting,sitting
525,17.526397498640566,82.18975299771236,129.57050361984497,106.78419332921041,sitting,sitting
526,17.55978111292369,84.25181033923506,129.62042718281523,106.94982053196264,sitting,sitting
527,17.593164727206815,86.00106214346704,129.49580421429926,107.01391839812091,sitting,sitting
528,17.62654834148994,87.89782418195614,128.96565475562022,106.91146622526708,sitting,sitting
529,17.659931955773065,89.9753189097207,128.38149610812405,106.71586608527686,sitting,sitting
530,17.69331557005619,90.300335809897,127.54917091352135,106.30662439260843,sitting,sitting
531,17.726699184339317,89.3160478607176,126.60558488851835,105.71327272822762,sitting,sitting
532,17.76008279862244,87.25350409160225,125.83272823197618,104.93253320720063,sitting,sitting
533,17.793466412905566,84.58581842123235,125.59312690855589,104.27346756737738,sitting,sitting
534,17.82685002718869,83.21283578363779,126.09407533812626,103.56315322534795,sitting,sitting
535,17.860233641471815,84.64064584039888,126.7774318674754,102.92362960330253,sitting,sitting
536,17.89361725575494,86.89640034140677,126.92055440470497,102.5227716342766,sitting,sitting
537,17.927000870038064,89.50622734080736,126.4986237289618,101.87199071800529,sitting,sitting
538,17.96038448432119,91.48556903255906,125.44762156337632,100.66982127967611,sitting,sitting
539,17.993768098604313,93.10370418076623,124.03476578114135,99.10659283854754,sitting,sitting
540,18.027151712887438,93.74253221590101,122.31953603453317,97.34334135808902,sitting,sitting
541,18.060535327170566,93.32572568284745,120.43340633660007,95.4407756305136,sitting,sitting
542,18.09391894145369,91.72559681035145,118.35526673096793,93.49628215061284,sitting,sitting
543,18.127302555736815,89.65415158190868,116.64528593615654,91.8002234012045,sitting,sitting
544,18.16068617001994,87.62193739738422,115.12848873426567,90.34677380391597,sitting,sitting
545,18.194069784303064,86.64654014340657,113.88824705454613,89.28101563446843,sitting,sitting
546,18.22745339858619,85.99419638570575,112.65324504797312,88.27202760226294,sitting,sitting
547,18.260837012869313,85.32760240797441,111.19919095677074,87.12496195945377,sitting,sitting
548,18.294220627152438,85.19416901328296,109.74432472170756,86.85891964701341,sitting,sitting
549,18.327604241435562,85.23561424808918,108.3669084008237,87.41081711058919,sitting,sitting
550,18.360987855718687,85.7839507684134,107.20298354611074,89.23271057488307,sitting,sitting
551,18.394371470001815,86.12172576438232,106.1924510511664,92.28009757603584,sitting,sitting
552,18.42775508428494,86.55618634336422,105.34430704788251,97.07522352290285,sitting,sitting
553,18.461138698568064,86.97318302795901,104.53715049640101,102.87588879800158,sitting,sitting
554,18.49452231285119,87.36179507504221,104.0240838495044,109.46952959113392,sitting,sitting
555,18.527905927134313,88.36021724320803,104.0013517567237,116.90015340068823,sitting,sitting
556,18.561289541417437,88.74631070263794,104.0608716156875,122.33223088258242,sitting,sitting
557,18.594673155700562,88.5430770846342,104.17348656278966,126.86285237543527,sitting,sitting
558,18.628056769983687,88.76040789922996,104.53981165889095,132.4364604711849,sitting,sitting
559,18.66144038426681,88.97718446839963,105.07169693572783,134.3178667327102,sitting,sitting
560,18.694823998549936,89.39113863178956,105.61401680291726,132.11781002413315,sitting,sitting
561,18.728207612833064,89.82134786284607,106.0112532803222,132.11921871277735,sitting,sitting
562,18.761591227116188,90.39874162221923,106.4317661381487,131.56935448518874,sitting,sitting
563,18.794974841399313,91.05284232503955,106.69303981435053,131.12822848701404,sitting,sitting
564,18.828358455682437,92.19009391790884,107.31897109397079,128.5778022194457,sitting,sitting
565,18.861742069965562,93.69739507653284,107.76170709975077,126.25046033574651,sitting,sitting
566,18.895125684248686,94.70461098400287,107.80582516918047,124.37602502842572,sitting,sitting
567,18.92850929853181,95.48855393783407,107.86353568523222,119.42874009833872,sitting,sitting
568,18.961892912814935,95.96545241717737,107.77265422607636,113.45085840835321,sitting,sitting
569,18.99527652709806,96.1063183318396,107.60136706294057,108.573724023181,sitting,sitting
570,19.028660141381184,96.35932973768053,107.47127982805895,105.46620003743737,sitting,sitting
571,19.062043755664313,96.05316733385456,107.25613638250863,104.08833042220382,sitting,sitting
572,19.095427369947437,95.77035442480758,107.09490854705496,103.25367878251912,sitting,sitting
573,19.12881098423056,95.5388579858242,107.070239702577,102.57145811843628,sitting,sitting
574,19.162194598513686,95.65124308963314,107.36424707087619,101.75024805773958,sitting,sitting
575,19.19557821279681,95.99693446943257,107.60151476026424,102.44417936224463,sitting,sitting
576,19.228961827079935,95.82039496014954,107.68765850818556,103.04076288541661,sitting,sitting
577,19.26234544136306,95.61728202118027,107.90336994979458,102.18071348368383,sitting,sitting
578,19.295729055646184,95.53844482994094,107.97644678204392,101.212955934537,sitting,sitting
579,19.32911266992931,95.93519506496244,108.28424113791465,100.09924499533165,sitting,sitting
580,19.362496284212433,96.75035934083343,108.78468471841576,98.82682147813875,sitting,sitting
581,19.39587989849556,97.74279174117162,109.39028082710823,97.36306958885707,sitting,sitting
582,19.429263512778686,98.74172324136055,109.98015696111975,95.95847441374323,sitting,sitting
583,19.46264712706181,99.66038758698949,110.70164309345857,94.44122547223618,sitting,sitting
584,19.496030741344935,100.1122097882749,111.19715599125752,93.20907852511911,sitting,sitting
585,19.52941435562806,99.83405485018588,111.39960694456107,92.3083911121418,sitting,sitting
586,19.562797969911184,99.12126938847896,111.56319558043931,91.53255070712405,sitting,sitting
587,19.59618158419431,98.94271111664669,112.14252713212744,91.05306843234683,sitting,sitting
588,19.629565198477433,98.89613037128258,112.84099663026174,90.47388374825208,sitting,sitting
589,19.662948812760558,98.70429201527567,113.67836536303888,89.97262347711118,sitting,sitting
590,19.696332427043682,99.01863302109699,115.18859891194664,89.61760580889435,sitting,sitting
591,19.72971604132681,99.59328767928582,116.9050763811496,89.44707815636802,sitting,sitting
592,19.763099655609935,100.48138997937923,118.58878596957081,89.44672413525575,sitting,sitting
593,19.79648326989306,102.49361979544094,120.73980339114948,89.81607549164258,sitting,sitting
594,19.829866884176184,105.16307564653329,123.04261550083356,90.46595896298645,sitting,sitting
595,19.86325049845931,107.4706334496579,125.18843146786085,91.25378926779533,sitting,sitting
596,19.896634112742433,110.62879721232028,127.39824944694821,91.79922643088648,sitting,sitting
597,19.930017727025557,113.74829509865765,129.56061299693008,92.06297605858752,sitting,sitting
598,19.963401341308682,116.26995656094857,131.23427718086765,92.04978481718342,sitting,sitting
599,19.996784955591806,118.31695136188668,132.40053031795603,91.87562406579717,sitting,sitting
600,20.030168569874935,119.76217629994679,133.35173276808558,91.66179900025071,sitting,sitting
601,20.06355218415806,119.8240336852787,133.52911240869952,91.49204363553369,sitting,sitting
602,20.096935798441184,119.37494748132792,133.37333203397085,91.47219492245719,sitting,sitting
603,20.130319412724308,119.42349536960127,133.58118028335804,91.5668183047145,sitting,sitting
604,20.163703027007433,119.20032181437104,133.77001469904394,91.82199816931774,sitting,sitting
605,20.197086641290557,118.43752973346609,133.7585006325575,92.1604549105512,sitting,sitting
606,20.23047025557368,118.66724936200194,134.30456282888184,92.47782871212524,sitting,sitting
607,20.263853869856806,119.20283767673853,134.92634404070924,92.75437104075795,sitting,sitting
608,20.29723748413993,119.97335756247817,135.46015310042722,93.09873156999407,sitting,sitting
609,20.330621098423055,120.61967842980832,135.75699438773322,93.39016467243161,sitting,sitting
610,20.364004712706183,120.96130921109412,135.7107484362927,93.58482799251085,sitting,sitting
611,20.397388326989308,120.80095676543652,135.2137333311892,93.63676540368323,sitting,sitting
612,20.430771941272432,119.8962934586065,134.14544039767299,93.4953896244902,sitting,sitting
